<?xml version="1.0" encoding="UTF-8"?>
<metadata xml:lang="th"><Esri><CreaDate>20220117</CreaDate><CreaTime>14500800</CreaTime><ArcGISFormat>1.0</ArcGISFormat><SyncOnce>TRUE</SyncOnce><DataProperties><lineage><Process ToolSource="c:\program files (x86)\arcgis\desktop10.8\ArcToolbox\Toolboxes\Data Management Tools.tbx\CalculateField" Date="20220112" Time="203639">CalculateField Rice_20220115 water_code [yield_m] VB #</Process><Process ToolSource="c:\program files (x86)\arcgis\desktop10.8\ArcToolbox\Toolboxes\Data Management Tools.tbx\CalculateField" Date="20220112" Time="203707">CalculateField Rice_20220115 rai_m [rai]/1000000 VB #</Process><Process ToolSource="c:\program files (x86)\arcgis\desktop10.8\ArcToolbox\Toolboxes\Data Management Tools.tbx\CalculateField" Date="20220112" Time="203734">CalculateField Rice_20220115 yield_m [yield]/1000000 VB #</Process><Process ToolSource="c:\program files (x86)\arcgis\desktop10.8\ArcToolbox\Toolboxes\Data Management Tools.tbx\CalculateField" Date="20220112" Time="203757">CalculateField Rice_20220115 crop_type "A0102" VB #</Process><Process ToolSource="c:\program files (x86)\arcgis\desktop10.8\ArcToolbox\Toolboxes\Data Management Tools.tbx\CalculateField" Date="20220112" Time="203905">CalculateField Rice_20220115 data_date "15/1/2565" VB #</Process><Process Name="Add Field" ToolSource="c:\program files (x86)\arcgis\desktop10.5\ArcToolbox\Toolboxes\Data Management Tools.tbx\AddField" Date="20220117" Time="144943">AddField Rice_20220115 legend LONG # # # # NULLABLE NON_REQUIRED #</Process></lineage></DataProperties></Esri></metadata>
